{"training rmse": 216.39696855547678, "step": 30, "epoch": 0.017094017094017096, "_runtime": 144, "_timestamp": 1635030492, "_step": 6, "test rmse": 227.06901153614072, "loss": 25311.824108886718, "labeled_percentage": 100, "time": 47.86235149999999}