{"training rmse": 86.57760680453116, "step": 5800, "epoch": 3.304843304843305, "_runtime": 3163, "_timestamp": 1635033679, "_step": 171, "test rmse": 80.27941205564476, "loss": 7731.280961914063, "labeled_percentage": 100, "time": 54.8505983}